subreddit,id,title,author,score,upvote_ratio,num_comments,created_utc,created_iso,permalink,url
mademesmile,1mzea2a,Proud moment (and what a smile).,ajd416,69471,0.95,359,1756087487.0,2025-08-25T02:04:47+00:00,https://www.reddit.com/r/MadeMeSmile/comments/1mzea2a/proud_moment_and_what_a_smile/,https://v.redd.it/smprzrpop2lf1
beamazed,1mzfgzg,"Photographer Shaaz Jung captured a rare and enchanting moment: An elephant, deep within the mist-shrouded forest, stood in quiet communion with a tiny bird perched on his tusk.",Limp_Yogurtcloset_71,37434,0.97,149,1756091033.0,2025-08-25T03:03:53+00:00,https://www.reddit.com/r/BeAmazed/comments/1mzfgzg/photographer_shaaz_jung_captured_a_rare_and/,https://i.redd.it/79o1nza703lf1.png
oddlysatisfying,1mzgtas,Peeling garlic with tweezers,solateor,27702,0.94,543,1756095313.0,2025-08-25T04:15:13+00:00,https://www.reddit.com/r/oddlysatisfying/comments/1mzgtas/peeling_garlic_with_tweezers/,https://v.redd.it/m2yus0vxc3lf1
movies,1mzxvy4,New Image of Mads Mikkelsen in Bryan Fuller's 'Dust Bunny' - Follows an eight-year-old girl who asks her neighbor (Mikkelsen) for help to kill the monster under her bed who ate her family.,MarvelsGrantMan136,11707,0.96,313,1756145072.0,2025-08-25T18:04:32+00:00,https://www.reddit.com/r/movies/comments/1mzxvy4/new_image_of_mads_mikkelsen_in_bryan_fullers_dust/,https://i.redd.it/tocs7v0wg7lf1.jpeg
therewasanattempt,1mzq4jt,To save lives as a civil defense crew without getting murdered by Israel,Particular_Log_3594,9592,0.95,354,1756127555.0,2025-08-25T13:12:35+00:00,https://www.reddit.com/r/therewasanattempt/comments/1mzq4jt/to_save_lives_as_a_civil_defense_crew_without/,https://v.redd.it/8mvmyiau06lf1
futurology,1mzl0vf,Chinaâ€™s Decarbonization Is So Fast Even New Coal Plants Arenâ€™t Stopping It,Aralknight,7132,0.93,543,1756110988.0,2025-08-25T08:36:28+00:00,https://www.reddit.com/r/Futurology/comments/1mzl0vf/chinas_decarbonization_is_so_fast_even_new_coal/,https://foreignpolicy.com/2025/08/21/china-clean-renewable-energy-coal-plants-emissions/
programming,1mzofsk,AWS CEO Says Replacing Junior Developers with AI Is the Dumbest Thing He's Ever Heard,Infamous_Toe_7759,5638,0.96,313,1756122959.0,2025-08-25T11:55:59+00:00,https://www.reddit.com/r/programming/comments/1mzofsk/aws_ceo_says_replacing_junior_developers_with_ai/,https://www.finalroundai.com/blog/aws-ceo-matt-garman-says-replacing-junior-developers-with-ai-the-dumbest-thing
singularity,1mzmmvp,Elon on AI replacing workers,Gab1024,4731,0.83,1908,1756117095.0,2025-08-25T10:18:15+00:00,https://www.reddit.com/r/singularity/comments/1mzmmvp/elon_on_ai_replacing_workers/,https://i.redd.it/o6l79opq55lf1.png
historyporn,1mzdrek,"SS troops loot winter boots from killed American soldiers during the Ardennes Offensive, December 1944 [1456x1026]",outlaw1112,3657,0.98,125,1756086009.0,2025-08-25T01:40:09+00:00,https://www.reddit.com/r/HistoryPorn/comments/1mzdrek/ss_troops_loot_winter_boots_from_killed_american/,https://i.redd.it/y9wuto4bl2lf1.jpeg
videos,1mzz3oy,Penn and Teller burn an American flag,CubeHound,3526,0.93,230,1756147813.0,2025-08-25T18:50:13+00:00,https://www.reddit.com/r/videos/comments/1mzz3oy/penn_and_teller_burn_an_american_flag/,https://youtu.be/wVSNL-3Ru7M?si=UjVE4wrEBzWn0w-V
abruptchaos,1mzufr3,Insane shot,DungFingerBro,3347,0.97,30,1756137547.0,2025-08-25T15:59:07+00:00,https://www.reddit.com/r/AbruptChaos/comments/1mzufr3/insane_shot/,https://v.redd.it/g8xgqeyju6lf1
openai,1mzqt4s,I found this amusing,Disinform,1955,0.97,129,1756129266.0,2025-08-25T13:41:06+00:00,https://www.reddit.com/r/OpenAI/comments/1mzqt4s/i_found_this_amusing/,https://i.redd.it/uyjpnc3q56lf1.png
moviedetails,1mzcrsf,In Tron: Legacy(2010) they use Ubuntu instead of their own OS,mothh9,1553,0.98,38,1756083155.0,2025-08-25T00:52:35+00:00,https://www.reddit.com/r/MovieDetails/comments/1mzcrsf/in_tron_legacy2010_they_use_ubuntu_instead_of/,https://i.redd.it/7ac5kb5oc2lf1.png
crazyideas,1mzj1vu,Pass a law that airlines can only sell as many seats as physically exist on the damn airplane,Ethan-Wakefield,1422,0.93,230,1756103308.0,2025-08-25T06:28:28+00:00,https://www.reddit.com/r/CrazyIdeas/comments/1mzj1vu/pass_a_law_that_airlines_can_only_sell_as_many/,https://www.reddit.com/r/CrazyIdeas/comments/1mzj1vu/pass_a_law_that_airlines_can_only_sell_as_many/
animalsbeingbros,1mzq8hw,Moo R My Frend,lnfinity,1226,0.99,5,1756127833.0,2025-08-25T13:17:13+00:00,https://www.reddit.com/r/AnimalsBeingBros/comments/1mzq8hw/moo_r_my_frend/,https://i.redd.it/fk8rtfzn16lf1.gif
nostalgia,1mzphvj,Me and my reluctant dad. Circa 1986- Disney World,Kcc_crojo,1018,0.99,27,1756125951.0,2025-08-25T12:45:51+00:00,https://www.reddit.com/r/nostalgia/comments/1mzphvj/me_and_my_reluctant_dad_circa_1986_disney_world/,https://i.redd.it/jpwe5iapyykf1.jpeg
yesyesyesyesno,1mzyaep,Hype Up Gone Wrong,izacktorres,814,0.94,36,1756145970.0,2025-08-25T18:19:30+00:00,https://www.reddit.com/r/yesyesyesyesno/comments/1mzyaep/hype_up_gone_wrong/,https://v.redd.it/uh8hxpklj7lf1
food,1mztl0y,[homemade]: two egg McMuffins with sausage and bacon with hash browns,Eggtastitcal2000,781,0.95,32,1756135659.0,2025-08-25T15:27:39+00:00,https://www.reddit.com/r/food/comments/1mztl0y/homemade_two_egg_mcmuffins_with_sausage_and_bacon/,https://i.redd.it/v29b6lwxo6lf1.jpeg
nonononoyes,1mzp8uk,Clearing a path through the White Seadan,wulv8022x,489,0.93,17,1756125247.0,2025-08-25T12:34:07+00:00,https://www.reddit.com/r/nonononoyes/comments/1mzp8uk/clearing_a_path_through_the_white_seadan/,https://v.redd.it/zd7ufn3zt5lf1
loseit,1mztdfl,Lost 30 pounds in 6 months so I'm sharing what worked and what didn't,Healthy-String-2100,467,0.99,13,1756135201.0,2025-08-25T15:20:01+00:00,https://www.reddit.com/r/loseit/comments/1mztdfl/lost_30_pounds_in_6_months_so_im_sharing_what/,https://www.reddit.com/r/loseit/comments/1mztdfl/lost_30_pounds_in_6_months_so_im_sharing_what/
selfhosted,1mzty0i,She thought I was on r/selfhostedâ€¦ but I was actually planning a proposal ðŸ¤«,nothingveryobvious,461,0.86,22,1756136451.0,2025-08-25T15:40:51+00:00,https://www.reddit.com/r/selfhosted/comments/1mzty0i/she_thought_i_was_on_rselfhosted_but_i_was/,https://www.reddit.com/r/selfhosted/comments/1mzty0i/she_thought_i_was_on_rselfhosted_but_i_was/
localllama,1mzwcs8,Qwen Wan2.2-S2V is coming soon,Fun-Doctor6855,366,0.98,34,1756141726.0,2025-08-25T17:08:46+00:00,https://www.reddit.com/r/LocalLLaMA/comments/1mzwcs8/qwen_wan22s2v_is_coming_soon/,https://i.redd.it/9xwkq1az67lf1.jpeg
valueinvesting,1mzptvq,"After months of modeling, I built a site that can tell you if the market is overvalued in real time",U30M,308,0.89,42,1756126826.0,2025-08-25T13:00:26+00:00,https://www.reddit.com/r/ValueInvesting/comments/1mzptvq/after_months_of_modeling_i_built_a_site_that_can/,http://marketvaluation.net
moviesinthemaking,1n0087m,"""Desperado"" (released 30 years ago today in 1995) - Behind the Scenes",Amaruq93,229,0.99,7,1756150365.0,2025-08-25T19:32:45+00:00,https://www.reddit.com/r/Moviesinthemaking/comments/1n0087m/desperado_released_30_years_ago_today_in_1995/,https://www.reddit.com/gallery/1n0087m
dividends,1mzjevy,"Realistically, can I generate 10k per year with 200k?",god_is_filth,176,0.86,192,1756104710.0,2025-08-25T06:51:50+00:00,https://www.reddit.com/r/dividends/comments/1mzjevy/realistically_can_i_generate_10k_per_year_with/,https://www.reddit.com/r/dividends/comments/1mzjevy/realistically_can_i_generate_10k_per_year_with/
unethicallifeprotips,1mzu5cu,ULPT: how to mess with a prick of a neighbor who wakes me up at night,Chipsandsalza,175,0.92,109,1756136903.0,2025-08-25T15:48:23+00:00,https://www.reddit.com/r/UnethicalLifeProTips/comments/1mzu5cu/ulpt_how_to_mess_with_a_prick_of_a_neighbor_who/,https://www.reddit.com/r/UnethicalLifeProTips/comments/1mzu5cu/ulpt_how_to_mess_with_a_prick_of_a_neighbor_who/
investing,1mzgvhs,The model portfolio I followed for 20 years has gone silent. Now what?,seejay323,168,0.86,26,1756095520.0,2025-08-25T04:18:40+00:00,https://www.reddit.com/r/investing/comments/1mzgvhs/the_model_portfolio_i_followed_for_20_years_has/,https://www.reddit.com/r/investing/comments/1mzgvhs/the_model_portfolio_i_followed_for_20_years_has/
webdev,1mznk9t,Why do we need CORS?,lolxnn,143,0.8,184,1756120223.0,2025-08-25T11:10:23+00:00,https://www.reddit.com/r/webdev/comments/1mznk9t/why_do_we_need_cors/,https://www.reddit.com/r/webdev/comments/1mznk9t/why_do_we_need_cors/
python,1mzcxyc,Adding asyncio.sleep(0) made my data pipeline (150 ms) not spike to (5500 ms),Chuyito,130,0.89,35,1756083645.0,2025-08-25T01:00:45+00:00,https://www.reddit.com/r/Python/comments/1mzcxyc/adding_asynciosleep0_made_my_data_pipeline_150_ms/,https://www.reddit.com/r/Python/comments/1mzcxyc/adding_asynciosleep0_made_my_data_pipeline_150_ms/
entrepreneur,1mzm32e,Whats the dark secret in your boss company that you are willing to share?,JDeng78,123,0.92,72,1756115134.0,2025-08-25T09:45:34+00:00,https://www.reddit.com/r/Entrepreneur/comments/1mzm32e/whats_the_dark_secret_in_your_boss_company_that/,https://www.reddit.com/r/Entrepreneur/comments/1mzm32e/whats_the_dark_secret_in_your_boss_company_that/
options,1mzmuic,"Options Are Better Than Futures. There, I Said It.",BlitzDaTweetGawd,116,0.84,63,1756117818.0,2025-08-25T10:30:18+00:00,https://www.reddit.com/r/options/comments/1mzmuic/options_are_better_than_futures_there_i_said_it/,https://www.reddit.com/r/options/comments/1mzmuic/options_are_better_than_futures_there_i_said_it/
creditcards,1mzd4y8,Additional Citi Cards Can Now Transfer to American Airlines,Seeing__Green,108,0.97,25,1756084218.0,2025-08-25T01:10:18+00:00,https://www.reddit.com/r/CreditCards/comments/1mzd4y8/additional_citi_cards_can_now_transfer_to/,https://www.reddit.com/r/CreditCards/comments/1mzd4y8/additional_citi_cards_can_now_transfer_to/
scams,1n009v3,[US] I recently received this threatening text message and some phone calls today.,tittiesandboobiez,107,0.78,211,1756150470.0,2025-08-25T19:34:30+00:00,https://www.reddit.com/r/Scams/comments/1n009v3/us_i_recently_received_this_threatening_text/,https://i.redd.it/r9nsj9bzw7lf1.jpeg
learnprogramming,1mzl5zu,What are the best beginner-friendly tools for learning API testing?,Familiar-Pomelo-8654,99,0.94,15,1756111562.0,2025-08-25T08:46:02+00:00,https://www.reddit.com/r/learnprogramming/comments/1mzl5zu/what_are_the_best_beginnerfriendly_tools_for/,https://www.reddit.com/r/learnprogramming/comments/1mzl5zu/what_are_the_best_beginnerfriendly_tools_for/
whitecoatinvestor,1mzr0m9,For MDs with long residency and loans and kidsâ€”how did you ever catch up?,gabagool-gal,79,0.88,103,1756129772.0,2025-08-25T13:49:32+00:00,https://www.reddit.com/r/whitecoatinvestor/comments/1mzr0m9/for_mds_with_long_residency_and_loans_and_kidshow/,https://www.reddit.com/r/whitecoatinvestor/comments/1mzr0m9/for_mds_with_long_residency_and_loans_and_kidshow/
passive_income,1n0278k,"A few months ago I uploaded a few photos I took to stock image websites. Completely forgot about it, and just checked my account and I randomly made $100.",koalapanda8,68,0.92,34,1756154865.0,2025-08-25T20:47:45+00:00,https://www.reddit.com/r/passive_income/comments/1n0278k/a_few_months_ago_i_uploaded_a_few_photos_i_took/,https://www.reddit.com/r/passive_income/comments/1n0278k/a_few_months_ago_i_uploaded_a_few_photos_i_took/
upwork,1mzm7hj,Just got this in my email,chickenkottu,66,0.97,23,1756115595.0,2025-08-25T09:53:15+00:00,https://www.reddit.com/r/Upwork/comments/1mzm7hj/just_got_this_in_my_email/,https://i.redd.it/viktx8lg05lf1.png
monero,1mzccnp,BTCVPS now accepts Monero and you can order over Tor without KYC,btcvps_admin,59,0.94,2,1756081979.0,2025-08-25T00:32:59+00:00,https://www.reddit.com/r/Monero/comments/1mzccnp/btcvps_now_accepts_monero_and_you_can_order_over/,https://btcvps.com/blog/btcvps-now-accepts-monero/
algotrading,1mzc440,Who else is using the order book in their algos?,_WARBUD_,50,0.95,33,1756081294.0,2025-08-25T00:21:34+00:00,https://www.reddit.com/r/algotrading/comments/1mzc440/who_else_is_using_the_order_book_in_their_algos/,https://www.reddit.com/r/algotrading/comments/1mzc440/who_else_is_using_the_order_book_in_their_algos/
hacking,1mzch1p,The Complete Guide to Vulnerability Scanning (Ethical Hacking),_cybersecurity_,47,0.93,0,1756082329.0,2025-08-25T00:38:49+00:00,https://www.reddit.com/r/hacking/comments/1mzch1p/the_complete_guide_to_vulnerability_scanning/,https://darkmarc.substack.com/p/the-complete-guide-to-vulnerability
machinelearning,1mzd5kt,[D] Views on LLM Research: Incremental or Not?,Fantastic-Nerve-4056,41,0.82,22,1756084269.0,2025-08-25T01:11:09+00:00,https://www.reddit.com/r/MachineLearning/comments/1mzd5kt/d_views_on_llm_research_incremental_or_not/,https://www.reddit.com/r/MachineLearning/comments/1mzd5kt/d_views_on_llm_research_incremental_or_not/
automation,1mzvrtt,I built an AI workflow that can scrape local news and generate full-length podcast audio (uses n8n + ElevenLabs v3 model + Firecrawl),dudeson55,40,0.9,6,1756140481.0,2025-08-25T16:48:01+00:00,https://www.reddit.com/r/automation/comments/1mzvrtt/i_built_an_ai_workflow_that_can_scrape_local_news/,https://i.redd.it/ipv4fh9737lf1.png
tipofmytongue,1mzjnyr,"[TOMT] Music Video for Electric Six's ""Gay Bar"" That features a shot of a snickers' style themed candy bar that is labeled ""Gay Bar""",Hellmark,33,0.84,22,1756105652.0,2025-08-25T07:07:32+00:00,https://www.reddit.com/r/tipofmytongue/comments/1mzjnyr/tomt_music_video_for_electric_sixs_gay_bar_that/,https://www.reddit.com/r/tipofmytongue/comments/1mzjnyr/tomt_music_video_for_electric_sixs_gay_bar_that/
chatgptpro,1mzcboj,how good is the ChatGPT 5-Pro model (the one with research-grade intelligence),yaxir,32,0.9,17,1756081900.0,2025-08-25T00:31:40+00:00,https://www.reddit.com/r/ChatGPTPro/comments/1mzcboj/how_good_is_the_chatgpt_5pro_model_the_one_with/,https://www.reddit.com/r/ChatGPTPro/comments/1mzcboj/how_good_is_the_chatgpt_5pro_model_the_one_with/
stocksandtrading,1mzl21q,34m looking for some financial advice,Jnolan91,26,0.93,27,1756111122.0,2025-08-25T08:38:42+00:00,https://www.reddit.com/r/StocksAndTrading/comments/1mzl21q/34m_looking_for_some_financial_advice/,https://www.reddit.com/gallery/1mzl21q
financialplanning,1mzgpzd,What are my options for a Spanish speaking country where I can stop working with what I have saved up at this point (about $600k),Freed_Port,18,0.83,17,1756095008.0,2025-08-25T04:10:08+00:00,https://www.reddit.com/r/FinancialPlanning/comments/1mzgpzd/what_are_my_options_for_a_spanish_speaking/,https://www.reddit.com/r/FinancialPlanning/comments/1mzgpzd/what_are_my_options_for_a_spanish_speaking/
beermoney,1mzd9ia,No Dscout Missions - Completed Profile,FireZealot,12,0.84,12,1756084583.0,2025-08-25T01:16:23+00:00,https://www.reddit.com/r/beermoney/comments/1mzd9ia/no_dscout_missions_completed_profile/,https://www.reddit.com/r/beermoney/comments/1mzd9ia/no_dscout_missions_completed_profile/
machinelearningnews,1n06e9u,Microsoft Released VibeVoice-1.5B: An Open-Source Text-to-Speech Model that can Synthesize up to 90 Minutes of Speech with Four Distinct Speakers,ai-lover,10,1.0,0,1756165094.0,2025-08-25T23:38:14+00:00,https://www.reddit.com/r/machinelearningnews/comments/1n06e9u/microsoft_released_vibevoice15b_an_opensource/,https://www.marktechpost.com/2025/08/25/microsoft-released-vibevoice-1-5b-an-open-source-text-to-speech-model-that-can-synthesize-up-to-90-minutes-of-speech-with-four-distinct-speakers/
shopify,1mztqdb,From WooCommerce plugins to Shopify Apps... Any survival tips?,FamiliarBiz02,9,1.0,24,1756135985.0,2025-08-25T15:33:05+00:00,https://www.reddit.com/r/shopify/comments/1mztqdb/from_woocommerce_plugins_to_shopify_apps_any/,https://www.reddit.com/r/shopify/comments/1mztqdb/from_woocommerce_plugins_to_shopify_apps_any/
deeplearning,1mzybag,AI research is drowning in papers that canâ€™t be reproduced. Whatâ€™s your biggest reproducibility challenge?,mildly_sunny,7,0.77,3,1756146027.0,2025-08-25T18:20:27+00:00,https://www.reddit.com/r/deeplearning/comments/1mzybag/ai_research_is_drowning_in_papers_that_cant_be/,https://www.reddit.com/r/deeplearning/comments/1mzybag/ai_research_is_drowning_in_papers_that_cant_be/
ifyoulikeblank,1mzhxg2,[Iil] horror movie recommendations,Substantial_Risk_437,6,1.0,2,1756099129.0,2025-08-25T05:18:49+00:00,https://www.reddit.com/r/ifyoulikeblank/comments/1mzhxg2/iil_horror_movie_recommendations/,https://www.reddit.com/r/ifyoulikeblank/comments/1mzhxg2/iil_horror_movie_recommendations/
darknet,1mzjjq8,Marketplace Monday - Discussion,AutoModerator,5,1.0,7,1756105226.0,2025-08-25T07:00:26+00:00,https://www.reddit.com/r/darknet/comments/1mzjjq8/marketplace_monday_discussion/,https://www.reddit.com/r/darknet/comments/1mzjjq8/marketplace_monday_discussion/
interiordesign,1mzfhvp,Bathroom remodel,Efficient-Sun7344,5,0.58,37,1756091111.0,2025-08-25T03:05:11+00:00,https://www.reddit.com/r/InteriorDesign/comments/1mzfhvp/bathroom_remodel/,https://www.reddit.com/gallery/1mzfhvp
shoestring,1mzekxn,Looking to leave Chicago tomorrow. Where in the US should I visit?,MrMudkip,5,0.78,24,1756088349.0,2025-08-25T02:19:09+00:00,https://www.reddit.com/r/Shoestring/comments/1mzekxn/looking_to_leave_chicago_tomorrow_where_in_the_us/,https://www.reddit.com/r/Shoestring/comments/1mzekxn/looking_to_leave_chicago_tomorrow_where_in_the_us/
kodi,1mzy6id,DV/HDR video smooth only when 1.09 zoom enabled on AndroidTV,swiderx32,4,0.84,1,1756145728.0,2025-08-25T18:15:28+00:00,https://www.reddit.com/r/kodi/comments/1mzy6id/dvhdr_video_smooth_only_when_109_zoom_enabled_on/,https://www.reddit.com/r/kodi/comments/1mzy6id/dvhdr_video_smooth_only_when_109_zoom_enabled_on/
coding,1mzefsm,"I built the best portfolio template: Open-source, animated with Framer Motion, and fully customizable via simple JSON files.",LostMathematician621,4,0.67,2,1756087946.0,2025-08-25T02:12:26+00:00,https://www.reddit.com/r/coding/comments/1mzefsm/i_built_the_best_portfolio_template_opensource/,https://github.com/killcod3/NextGenPortfolio
tasker,1mzwej7,[App] Bloatware Removal Tool,Blitzdroids,4,0.75,2,1756141831.0,2025-08-25T17:10:31+00:00,https://www.reddit.com/r/tasker/comments/1mzwej7/app_bloatware_removal_tool/,https://www.reddit.com/r/tasker/comments/1mzwej7/app_bloatware_removal_tool/
enrolledagent,1mzyf1b,PASSED PART 1! (+Part 2 Questions),Only_Fail_2690,3,1.0,1,1756146268.0,2025-08-25T18:24:28+00:00,https://www.reddit.com/r/enrolledagent/comments/1mzyf1b/passed_part_1_part_2_questions/,https://www.reddit.com/r/enrolledagent/comments/1mzyf1b/passed_part_1_part_2_questions/
ps4,1mzgk4g,"General Questions &amp; Tech Support Megathread | August 25, 2025",AutoModerator,2,0.63,8,1756094480.0,2025-08-25T04:01:20+00:00,https://www.reddit.com/r/PS4/comments/1mzgk4g/general_questions_tech_support_megathread_august/,https://www.reddit.com/r/PS4/comments/1mzgk4g/general_questions_tech_support_megathread_august/
nft,1mzl4gy,ShadowCrownArt,ShadowCrownArt,0,0.14,2,1756111403.0,2025-08-25T08:43:23+00:00,https://www.reddit.com/r/NFT/comments/1mzl4gy/shadowcrownart/,https://i.redd.it/2ww1ml8to4lf1.jpeg
thisyoucomebacks,1n01n9c,You truly canâ€™t miss a DAY of the internet,Zestyclose_Road5230,0,0.22,1,1756153612.0,2025-08-25T20:26:52+00:00,https://www.reddit.com/r/ThisYouComebacks/comments/1n01n9c/you_truly_cant_miss_a_day_of_the_internet/,https://www.reddit.com/gallery/1n01n9c
